Comment,Designator,Footprint,LCSC,Quantity
1.5k,R8,R_0402_1005Metric,C25867,1
100k,"R12,R13",R_0402_1005Metric,C25741,2
100nF,"C2,C7",C_0402_1005Metric,C1525,2
10k,R14,R_0402_1005Metric,C25744,1
10nF,C11,C_0402_1005Metric,C15195,1
10uF,"C10,C12,C20",C_0603_1608Metric,C19702,3
12pF,"C3,C4",C_0402_1005Metric,C1547,2
1M,"R10,R11",R_0402_1005Metric,C26083,2
22R,"R2,R4",R_0402_1005Metric,C25092,2
2k,R20,R_0402_1005Metric,C4109,1
32.768KHz,X1,Crystal_SMD_3215-2Pin_3.2x1.5mm,C32346,1
330,R6,R_0402_1005Metric,C25104,1
330k,R15,R_0402_1005Metric,C25778,1
4.7uF,"C1,C5",C_0402_1005Metric,C23733,2
5.1k,"R1,R3",R_0402_1005Metric,C25905,2
D,D2,D_SOD-323,C2128,1
KT-0603B,D3,LED_0603_1608Metric,C2288,1
KT-0603R,D5,LED_0603_1608Metric,C2286,1
LSM6DSV320XTR,U2,LGA-14_3x2.5mm_P0.5mm_LayoutBorder3x4y,C26633007,1
MCP73831-2-MC,U7,DFN-8-1EP_3x2mm_P0.5mm_EP1.7x1.4mm,C150772,1
MDBT50Q-1MV2,U1,Raytac_MDBT50Q,C5118826,1
SW_MEC_5G,SW2,SW_SPST_B3U-1000P,C231329,1
TPD4E02B04DQA,U11,USON-10_2.5x1.0mm_P0.5mm,C106794,1
TPS7A0233PDQNR,U9,Texas_X2SON-4_1x1mm_P0.65mm,C2860046,1
USB_C_Receptacle_TYPE-C 16PIN 2MD,J1,USB_C_Receptacle_TYPE-C 16PIN 2MD,C165948,1
YELLOW,D8,LED_0603_1608Metric,C111340,1
