Designator,Val,Package,Mid X,Mid Y,Rotation,Layer
C1,4.7uF,C_0402_1005Metric,102.8,-94.7,0.0,top
C10,10uF,C_0603_1608Metric,105.1,-94.25,180.0,top
C11,10nF,C_0402_1005Metric,93.7,-93.8,90.0,top
C12,10uF,C_0603_1608Metric,105.05,-101.0,180.0,top
C2,100nF,C_0402_1005Metric,102.8,-93.75,0.0,top
C20,10uF,C_0603_1608Metric,105.1,-97.45,180.0,top
C3,12pF,C_0402_1005Metric,97.1,-96.2,0.0,top
C4,12pF,C_0402_1005Metric,95.2,-96.2,180.0,top
C5,4.7uF,C_0402_1005Metric,106.3,-92.3,90.0,top
C7,100nF,C_0402_1005Metric,102.8,-95.85,180.0,top
D2,D,D_SOD-323,96.7,-98.1,-90.0,top
D3,KT-0603B,LED_0603_1608Metric,93.5,-82.5,-90.0,top
D4,D,D_SOD-323,95.0,-98.1,-90.0,top
D5,KT-0603R,LED_0603_1608Metric,93.5,-87.5,-90.0,top
D8,YELLOW,LED_0603_1608Metric,106.1,-105.9,90.0,top
J1,USB_C_Receptacle_TYPE-C 16PIN 2MD,USB_C_Receptacle_TYPE-C 16PIN 2MD,100.0,-106.015,0.0,top
R1,5.1k,R_0402_1005Metric,98.0,-101.4,-90.0,top
R10,10M,R_0402_1005Metric,93.7,-95.7,-90.0,top
R11,10M,R_0402_1005Metric,93.7,-91.9,-90.0,top
R12,100k,R_0402_1005Metric,93.7,-97.95,90.0,top
R13,100k,R_0402_1005Metric,97.0,-100.5,-90.0,top
R14,10k,R_0402_1005Metric,103.0,-101.4,-90.0,top
R15,330k,R_0402_1005Metric,96.05,-100.5,-90.0,top
R16,100k,R_0402_1005Metric,94.15,-100.5,90.0,top
R17,100k,R_0402_1005Metric,95.1,-100.5,90.0,top
R2,22R,R_0402_1005Metric,106.3,-89.7,-90.0,top
R20,2k,R_0402_1005Metric,105.8,-103.4,90.0,top
R3,5.1k,R_0402_1005Metric,102.0,-101.4,-90.0,top
R4,22R,R_0402_1005Metric,106.3,-87.8,-90.0,top
R6,330,R_0402_1005Metric,93.7,-85.0,-90.0,top
R8,1.5k,R_0402_1005Metric,93.7,-90.0,-90.0,top
SW2,SW_MEC_5G,SW_SPST_B3U-1000P,100.0,-98.4,270.0,top
U1,MDBT50Q-1MV2,Raytac_MDBT50Q,100.0,-86.75,0.0,top
U11,TPD4E02B04DQA,USON-10_2.5x1.0mm_P0.5mm,100.0,-101.4,0.0,top
U2,LSM6DSV320XTR,LGA-14_3x2.5mm_P0.5mm_LayoutBorder3x4y,100.0,-95.0,0.0,top
U7,MCP73831-2-MC,DFN-8-1EP_3x2mm_P0.5mm_EP1.7x1.4mm,104.5,-99.2,90.0,top
U9,TPS7A0233PDQNR,Texas_X2SON-4_1x1mm_P0.65mm,105.0,-95.752679,-90.0,top
X1,32.768KHz,Crystal_SMD_3215-2Pin_3.2x1.5mm,96.2,-94.5,0.0,top
